COUNTY,COUNTY_FIPS,FACILITY_ID,FINAL_NAICS_CODE,MECS_NAICS,REPORTING_YEAR,STATE,Industry,Label,Temperature Band,Temp_degC,FUEL_TYPE,Natural_gas,Total,MMTCO2E,Thermal MWh,Thermal MWh/hr,Fuel_group
0,0,1011907,325199,325199,2015,TX,Other Basic Organic Chemicals,Other Basic Organic Chemicals_1011907,100-300 C,260,Natural Gas (Weighted U.S. Average),446.4274927,446.4274927,0.022474548,124007.73606722061,14.156134254248927,NG_Type
0,0,1011907,325199,325199,2015,TX,Other Basic Organic Chemicals,Other Basic Organic Chemicals_1011907,850+ C,900,Natural Gas (Weighted U.S. Average),150.5395033,150.5395033,0.007578627,41816.562147667406,4.773580153843311,NG_Type
BEXAR,48029,1005803,324110,324110,2015,TX,Petroleum Refineries,Petroleum Refineries_1005803,100-300 C,220,Fuel Gas,0.0,57.846114914,0.00324874,16068.378108581092,1.8342897384224992,FuelGas_Type
BEXAR,48029,1005803,324110,324110,2015,TX,Petroleum Refineries,Petroleum Refineries_1005803,550-850 C,600,Fuel Gas,0.0,877.1174420870001,0.04926045799999999,243643.9288280427,27.813233884479764,FuelGas_Type
BOSQUE,48035,1002403,327410,327410,2015,TX,Lime,Lime_1002403,100-300 C,120,Natural Gas (Weighted U.S. Average),0.0,0.0,0.0,0.0,0.0,NG_Type
BOSQUE,48035,1002403,327410,327410,2015,TX,Lime,Lime_1002403,850+ C,1500,Natural Gas (Weighted U.S. Average),287.4010083,287.4010083,0.014468661,79833.67728355741,9.113433479858152,NG_Type
BRAZORIA,48039,1001934,325199,325199,2015,TX,Other Basic Organic Chemicals,Other Basic Organic Chemicals_1001934,100-300 C,260,Natural Gas (Weighted U.S. Average),8674.917979,8674.917979,0.43672235400000003,2409701.366370662,275.0800646541852,NG_Type
BRAZORIA,48039,1001934,325199,325199,2015,TX,Other Basic Organic Chemicals,Other Basic Organic Chemicals_1001934,850+ C,900,Natural Gas (Weighted U.S. Average),2925.263039,2925.263039,0.14726684,812573.7164473421,92.75955667207101,NG_Type
BRAZORIA,48039,1002040,325181,325181,2015,TX,Alkalies and Chlorine,Alkalies and Chlorine_1002040,100-300 C,177,Natural Gas (Weighted U.S. Average)Fuel Gas,48460.715457538005,48611.169186348,2.448112934,13503113.354245376,1541.4512961467324,NG_TypeFuelGas_Type
BRAZORIA,48039,1005992,324110,324110,2015,TX,Petroleum Refineries,Petroleum Refineries_1005992,100-300 C,220,Fuel Gas,0.0,3165.8339869,0.177798805,879399.0332131083,100.38801749008086,FuelGas_Type
BRAZORIA,48039,1005992,324110,324110,2015,TX,Petroleum Refineries,Petroleum Refineries_1005992,550-850 C,600,Fuel GasNatural Gas (Weighted U.S. Average),2667.692565042,15795.029505942,0.8715542739999999,4387511.706101557,500.85750069652477,FuelGas_TypeNG_Type
BRAZORIA,48039,1006453,325211,325211,2015,TX,Plastics Materials and Resins,Plastics Materials and Resins_1006453,100-300 C,260,Natural Gas (Weighted U.S. Average),1617.664483,1617.664483,0.081438262,449351.60475877405,51.295845292097496,NG_Type
BRAZORIA,48039,1006453,325211,325211,2015,TX,Plastics Materials and Resins,Plastics Materials and Resins_1006453,100-300 C,291,Natural Gas (Weighted U.S. Average),345.4387699,345.4387699,0.017390462,95955.29062528221,10.95380029968975,NG_Type
BRAZORIA,48039,1006967,325110,325110,2015,TX,Petrochemicals,Petrochemicals_1006967,100-300 C,220,Natural Gas (Weighted U.S. Average),836.6511873,836.6511873,0.042119623,232403.2935058194,26.530056336280754,NG_Type
BRAZORIA,48039,1006967,325110,325110,2015,TX,Petrochemicals,Petrochemicals_1006967,850+ C,875,Natural Gas (Weighted U.S. Average)Fuel Gas,117.21912926,24259.00406886,1.3617462820000001,6738617.632239793,769.2485881552275,NG_TypeFuelGas_Type
BRAZORIA COUNTY,48039,1001870,325110,325110,2015,TX,Petrochemicals,Petrochemicals_1001870,100-300 C,220,Natural Gas (Weighted U.S. Average),447.21249049999994,447.21249049999994,0.022514068,124225.79118610901,14.181026391108334,NG_Type
BRAZORIA COUNTY,48039,1001870,325110,325110,2015,TX,Petrochemicals,Petrochemicals_1001870,850+ C,875,Natural Gas (Weighted U.S. Average)Fuel Gas,961.173114,961.173114,0.048388444,266992.745260692,30.47862388820685,NG_TypeFuelGas_Type
BRAZORIA COUNTY,48039,1011834,325199,325199,2015,TX,Other Basic Organic Chemicals,Other Basic Organic Chemicals_1011834,100-300 C,260,Natural Gas (Weighted U.S. Average),32872.4283462,32872.4283462,1.654900234,9131237.401150744,1042.3786987615003,NG_Type
BRAZORIA COUNTY,48039,1011834,325199,325199,2015,TX,Other Basic Organic Chemicals,Other Basic Organic Chemicals_1011834,850+ C,900,Natural Gas (Weighted U.S. Average),3971.4577700089994,3971.4577700089994,0.19993554100000002,1103183.5964375602,125.93420050657079,NG_Type
BURNET,48053,1002405,327410,327410,2015,TX,Lime,Lime_1002405,850+ C,1500,Natural Gas (Weighted U.S. Average),675.8720505,675.8720505,0.034025501,187742.386443789,21.431779274405137,NG_Type
Brazoria,48039,1002190,325199,325199,2015,TX,Other Basic Organic Chemicals,Other Basic Organic Chemicals_1002190,100-300 C,260,Natural Gas (Weighted U.S. Average),3567.9308269,3567.9308269,0.179620735,991092.6892346282,113.13843484413563,NG_Type
Brazoria,48039,1002190,325199,325199,2015,TX,Other Basic Organic Chemicals,Other Basic Organic Chemicals_1002190,850+ C,900,Natural Gas (Weighted U.S. Average),1203.139465,1203.139465,0.060569783,334205.67430877005,38.15133268364955,NG_Type
Brazoria,48039,1004368,325211,325211,2015,TX,Plastics Materials and Resins,Plastics Materials and Resins_1004368,100-300 C,260,Natural Gas (Weighted U.S. Average)Fuel GasLandfill Gas,4884.978072,20101.716750139996,1.094080693,5583814.6754203895,637.421766600501,NG_TypeFuelGas_TypeNG_Type
Brazoria,48039,1004368,325211,325211,2015,TX,Plastics Materials and Resins,Plastics Materials and Resins_1004368,100-300 C,291,Fuel GasLandfill Gas,0.0,0.0,0.0,0.0,0.0,FuelGas_TypeNG_Type
CALHOUN,48057,1002967,325199,325199,2015,TX,Other Basic Organic Chemicals,Other Basic Organic Chemicals_1002967,100-300 C,260,Natural Gas (Weighted U.S. Average),8577.403399859999,8577.403399859999,0.431813167,2382613.961606311,271.9878951605378,NG_Type
CALHOUN,48057,1002967,325199,325199,2015,TX,Other Basic Organic Chemicals,Other Basic Organic Chemicals_1002967,850+ C,900,Natural Gas (Weighted U.S. Average),804.1706239879999,804.1706239879999,0.040484396,223380.9075901387,25.500103606180215,NG_Type
CALHOUN,48057,1003899,325199,325199,2015,TX,Other Basic Organic Chemicals,Other Basic Organic Chemicals_1003899,100-300 C,260,Natural Gas (Weighted U.S. Average)Landfill Gas,837.740279,929.59630504,0.046731117,258221.40242140114,29.477329043538944,NG_TypeNG_Type
CALHOUN,48057,1003899,325199,325199,2015,TX,Other Basic Organic Chemicals,Other Basic Organic Chemicals_1003899,850+ C,900,Natural Gas (Weighted U.S. Average)Landfill Gas,282.493815,299.17767525,0.015049247,83104.97627559451,9.486869437853255,NG_TypeNG_Type
CALHOUN,48057,1006691,325211,325211,2015,TX,Plastics Materials and Resins,Plastics Materials and Resins_1006691,100-300 C,260,Natural Gas (Weighted U.S. Average)Fuel Gas,27682.468889116,29381.540305116,1.4890444250000001,8161545.502874512,931.6832765838484,NG_TypeFuelGas_Type
CALHOUN,48057,1006691,325211,325211,2015,TX,Plastics Materials and Resins,Plastics Materials and Resins_1006691,100-300 C,291,Natural Gas (Weighted U.S. Average)Fuel Gas,5207.574733184,5207.574733184,0.262165479,1446549.6942343852,165.13124363406226,NG_TypeFuelGas_Type
CASS COUNTY,48067,1006668,322121,322121,2015,TX,"Paper Mills, except Newsprint","Paper Mills, except Newsprint_1006668",100-300 C,150,Natural Gas (Weighted U.S. Average),765.2749737110001,765.2749737110001,0.038526333999999995,212576.5516474942,24.266729640124908,NG_Type
CASS COUNTY,48067,1006668,322121,322121,2015,TX,"Paper Mills, except Newsprint","Paper Mills, except Newsprint_1006668",100-300 C,200,Natural Gas (Weighted U.S. Average),158.03515811100002,158.03515811100002,0.007955986000000002,43898.69014975736,5.011265998830749,NG_Type
CASS COUNTY,48067,1006668,322121,322121,2015,TX,"Paper Mills, except Newsprint","Paper Mills, except Newsprint_1006668",100-300 C,275,Natural Gas (Weighted U.S. Average),67.497562391,67.497562391,0.0033980369999999996,18749.3378858472,2.1403353750967122,NG_Type
CASS COUNTY,48067,1006668,322121,322121,2015,TX,"Paper Mills, except Newsprint","Paper Mills, except Newsprint_1006668",300-550 C,505,Natural Gas (Weighted U.S. Average),732.088945954,732.088945954,0.036855638999999996,203358.20322921025,23.21440676132537,NG_Type
CASS COUNTY,48067,1006668,322121,322121,2015,TX,"Paper Mills, except Newsprint","Paper Mills, except Newsprint_1006668",550-850 C,800,Natural Gas (Weighted U.S. Average),894.5809477459999,894.5809477459999,0.045035984,248494.9065029884,28.366998459245252,NG_Type
CHAMBERS COUNTY,48071,1004621,325211,325211,2015,TX,Plastics Materials and Resins,Plastics Materials and Resins_1004621,100-300 C,260,Natural Gas (Weighted U.S. Average),723.6943039,723.6943039,0.036433022,201026.35634873423,22.948214195060984,NG_Type
CHAMBERS COUNTY,48071,1004621,325211,325211,2015,TX,Plastics Materials and Resins,Plastics Materials and Resins_1004621,100-300 C,291,Natural Gas (Weighted U.S. Average),154.5388878,154.5388878,0.007779968,42927.503175308404,4.900399905857124,NG_Type
COMAL,48091,1002432,327410,327410,2015,TX,Lime,Lime_1002432,100-300 C,120,Natural Gas (Weighted U.S. Average),0.0,0.0,0.0,0.0,0.0,NG_Type
COMAL,48091,1002432,327410,327410,2015,TX,Lime,Lime_1002432,850+ C,1500,Natural Gas (Weighted U.S. Average),3.089841689,3.089841689,0.000155552,858.290044687042,0.09797831560354361,NG_Type
DALLAS COUNTY,48113,1004024,322130,322130,2015,TX,Paperboard Mills,Paperboard Mills_1004024,100-300 C,150,Natural Gas (Weighted U.S. Average),165.21588898,165.21588898,0.008317481,45893.33920908644,5.238965663137722,NG_Type
DALLAS COUNTY,48113,1004024,322130,322130,2015,TX,Paperboard Mills,Paperboard Mills_1004024,100-300 C,200,Natural Gas (Weighted U.S. Average),43.99489103,43.99489103,0.00221484,12220.81284053134,1.3950699589647648,NG_Type
DALLAS COUNTY,48113,1004024,322130,322130,2015,TX,Paperboard Mills,Paperboard Mills_1004024,100-300 C,275,Natural Gas (Weighted U.S. Average),18.79042574,18.79042574,0.000945968,5219.56688120572,0.595840968174169,NG_Type
DALLAS COUNTY,48113,1004024,322130,322130,2015,TX,Paperboard Mills,Paperboard Mills_1004024,300-550 C,505,Natural Gas (Weighted U.S. Average),203.8038484,203.8038484,0.01026012,56612.225400855204,6.462582808316804,NG_Type
DALLAS COUNTY,48113,1004024,322130,322130,2015,TX,Paperboard Mills,Paperboard Mills_1004024,550-850 C,800,Natural Gas (Weighted U.S. Average),152.9309567,152.9309567,0.00769902,42480.8552902126,4.8494127043621695,NG_Type
DEAF SMITH,48117,1004799,325193,325193,2015,TX,Ethyl Alcohol,Ethyl Alcohol_1004799,100-300 C,233,Natural Gas (Weighted U.S. Average),607.66532,607.66532,0.030591762,168796.05725896,19.268956308100456,NG_Type
DEAF SMITH,48117,1004799,325193,325193,2015,TX,Ethyl Alcohol,Ethyl Alcohol_1004799,300-550 C,450,Natural Gas (Weighted U.S. Average),1338.5060426999999,1338.5060426999999,0.06738455800000001,371807.53152912064,42.44378213802747,NG_Type
DEAF SMITH COUNTY,48117,1000352,325193,325193,2015,TX,Ethyl Alcohol,Ethyl Alcohol_1000352,100-300 C,233,Natural Gas (Weighted U.S. Average),421.3695524,421.3695524,0.021213054,117047.1915265672,13.361551544128675,NG_Type
DEAF SMITH COUNTY,48117,1000352,325193,325193,2015,TX,Ethyl Alcohol,Ethyl Alcohol_1000352,300-550 C,450,Natural Gas (Weighted U.S. Average),928.1518519000001,928.1518519000001,0.046726051000000005,257820.16511707823,29.4315256982966,NG_Type
EL PASO,48141,1003580,331111,331111,2015,TX,Iron and Steel Mills,Iron and Steel Mills_1003580,100-300 C,180,Natural Gas (Weighted U.S. Average),48.680830527999994,48.680830527999994,0.0024507450000000003,13522.463742406784,1.5436602445669845,NG_Type
EL PASO,48141,1003580,331111,331111,2015,TX,Iron and Steel Mills,Iron and Steel Mills_1003580,850+ C,1100,Natural Gas (Weighted U.S. Average),322.83077086000003,322.83077086000003,0.016252308,89675.28586794907,10.236904779446244,NG_Type
EL PASO COUNTY,48141,1003564,324110,324110,2015,TX,Petroleum Refineries,Petroleum Refineries_1003564,100-300 C,220,Natural Gas (Weighted U.S. Average)Fuel Gas,1668.6425821999999,11862.19799346,0.656492659,3295057.634227332,376.14813176111096,NG_TypeFuelGas_Type
EL PASO COUNTY,48141,1003564,324110,324110,2015,TX,Petroleum Refineries,Petroleum Refineries_1003564,550-850 C,600,Natural Gas (Weighted U.S. Average)Fuel Gas,2771.346946,3381.5918428,0.173790653,939331.8189092984,107.22965969284229,NG_TypeFuelGas_Type
ELLIS,48139,1005344,331111,331111,2015,TX,Iron and Steel Mills,Iron and Steel Mills_1005344,100-300 C,180,Natural Gas (Weighted U.S. Average),243.5413158,243.5413158,0.012260627,67650.4196202924,7.72265064158589,NG_Type
ELLIS,48139,1005344,331111,331111,2015,TX,Iron and Steel Mills,Iron and Steel Mills_1005344,850+ C,1100,Natural Gas (Weighted U.S. Average),2356.8759959999998,2356.8759959999998,0.11865246800000001,654688.300416888,74.73610735352604,NG_Type
GALVESTON,48167,1002460,325110,325110,2015,TX,Petrochemicals,Petrochemicals_1002460,100-300 C,220,Fuel Gas,0.0,79.4390421,0.004461436,22066.4182364538,2.5189975155769178,FuelGas_Type
GALVESTON,48167,1002460,325110,325110,2015,TX,Petrochemicals,Petrochemicals_1002460,850+ C,875,Fuel GasNatural Gas (Weighted U.S. Average),162.72768564700002,180.43545973700003,0.009186717,50121.00113482439,5.721575472011917,FuelGas_TypeNG_Type
GALVESTON,48167,1004370,324110,324110,2015,TX,Petroleum Refineries,Petroleum Refineries_1004370,100-300 C,220,Natural Gas (Weighted U.S. Average)Fuel Gas,58.91050311,5175.10432109,0.290300182,1437530.1281037384,164.10161279723042,NG_TypeFuelGas_Type
GALVESTON,48167,1004370,324110,324110,2015,TX,Petroleum Refineries,Petroleum Refineries_1004370,550-850 C,600,Natural Gas (Weighted U.S. Average)Fuel Gas,97.84087056,404.12567916300003,0.022127108,112257.22290653983,12.814751473349295,NG_TypeFuelGas_Type
GALVESTON,48167,1004957,325110,325110,2015,TX,Petrochemicals,Petrochemicals_1004957,100-300 C,220,Natural Gas (Weighted U.S. Average)Fuel Gas,144.496161576,406.503771876,0.021989186,112917.80474417153,12.89016035892369,NG_TypeFuelGas_Type
GALVESTON,48167,1004957,325110,325110,2015,TX,Petrochemicals,Petrochemicals_1004957,850+ C,875,Natural Gas (Weighted U.S. Average)Fuel Gas,310.55891447100004,368.96308767100004,0.018914628,102489.82856707505,11.699752119529116,NG_TypeFuelGas_Type
GALVESTON,48167,1008938,324110,324110,2015,TX,Petroleum Refineries,Petroleum Refineries_1008938,100-300 C,220,Fuel Gas,0.0,5333.1229180400005,0.29951756399999996,1481424.2179273153,169.1123536446707,FuelGas_Type
GALVESTON,48167,1008938,324110,324110,2015,TX,Petroleum Refineries,Petroleum Refineries_1008938,550-850 C,600,Fuel GasNatural Gas (Weighted U.S. Average),793.98194499,17727.826105304994,0.99100599,4924400.079879412,562.1461278401156,FuelGas_TypeNG_Type
GALVESTON COUNTY,48167,1000022,325199,325199,2015,TX,Other Basic Organic Chemicals,Other Basic Organic Chemicals_1000022,100-300 C,260,Natural Gas (Weighted U.S. Average),420.77687060000005,420.77687060000005,0.021183215,116882.5575615268,13.34275771250306,NG_Type
GALVESTON COUNTY,48167,1000022,325199,325199,2015,TX,Other Basic Organic Chemicals,Other Basic Organic Chemicals_1000022,850+ C,900,Natural Gas (Weighted U.S. Average),141.88987497,141.88987497,0.0071431770000000006,39413.88568941666,4.499302019339801,NG_Type
GREGG,48183,1002769,331111,331111,2015,TX,Iron and Steel Mills,Iron and Steel Mills_1002769,100-300 C,180,Natural Gas (Weighted U.S. Average),65.05601873,65.05601873,0.003275123,18071.13077078194,2.0629144715504495,NG_Type
GREGG,48183,1002769,331111,331111,2015,TX,Iron and Steel Mills,Iron and Steel Mills_1002769,850+ C,1100,Natural Gas (Weighted U.S. Average),431.4241242,431.4241242,0.021719232,119840.1303720276,13.680380179455206,NG_Type
GREGG,48183,1011708,325211,325211,2015,TX,Plastics Materials and Resins,Plastics Materials and Resins_1011708,100-300 C,260,Natural Gas (Weighted U.S. Average),0.305654716,0.305654716,1.54e-05,84.904155701048,0.009692255217014611,NG_Type
GREGG,48183,1011708,325211,325211,2015,TX,Plastics Materials and Resins,Plastics Materials and Resins_1011708,100-300 C,291,Natural Gas (Weighted U.S. Average),0.065270017,0.065270017,3.29e-06,18.130574782226002,0.002069700317605708,NG_Type
GUADALUPE,48187,1004259,331111,331111,2015,TX,Iron and Steel Mills,Iron and Steel Mills_1004259,100-300 C,180,Natural Gas (Weighted U.S. Average),117.91428096,117.91428096,0.005936172,32753.993136506884,3.7390403123866305,NG_Type
GUADALUPE,48187,1004259,331111,331111,2015,TX,Iron and Steel Mills,Iron and Steel Mills_1004259,850+ C,1100,Natural Gas (Weighted U.S. Average),781.9578632,781.9578632,0.039366191,217210.69132396963,24.795741018717994,NG_Type
Galveston,48167,1005585,324110,324110,2015,TX,Petroleum Refineries,Petroleum Refineries_1005585,100-300 C,220,Natural Gas (Weighted U.S. Average)Fuel Gas,59385.70892886,94347.31973483,4.9531668589999995,26207609.78130161,2991.7362764042937,NG_TypeFuelGas_Type
Galveston,48167,1005585,324110,324110,2015,TX,Petroleum Refineries,Petroleum Refineries_1005585,550-850 C,600,Natural Gas (Weighted U.S. Average)Fuel Gas,8150.37319822,10243.37644515,0.5278618820000001,2845384.622180877,324.81559613936946,NG_TypeFuelGas_Type
HALE,48189,1007819,325193,325193,2015,TX,Ethyl Alcohol,Ethyl Alcohol_1007819,100-300 C,233,Natural Gas (Weighted U.S. Average),701.4909717,701.4909717,0.035315237,194858.75913688264,22.244150586402128,NG_Type
HALE,48189,1007819,325193,325193,2015,TX,Ethyl Alcohol,Ethyl Alcohol_1007819,300-550 C,450,Natural Gas (Weighted U.S. Average),1545.1760594,1545.1760594,0.077788969,429215.9154280132,48.99725061963621,NG_Type
HARDIN,48199,1004829,325110,325110,2015,TX,Petrochemicals,Petrochemicals_1004829,100-300 C,220,Natural Gas (Weighted U.S. Average),393.3626445,393.3626445,0.019803099,109267.488663921,12.473457610036645,NG_Type
HARDIN,48199,1004829,325110,325110,2015,TX,Petrochemicals,Petrochemicals_1004829,850+ C,875,Natural Gas (Weighted U.S. Average),845.4361316,845.4361316,0.042561885,234843.5577635848,26.808625315477716,NG_Type
HARRIS,48201,1001711,325199,325199,2015,TX,Other Basic Organic Chemicals,Other Basic Organic Chemicals_1001711,850+ C,900,Natural Gas (Weighted U.S. Average),1581.923389,1581.923389,0.079638944,439423.515149642,50.16250172941119,NG_Type
HARRIS,48201,1001905,325110,325110,2015,TX,Petrochemicals,Petrochemicals_1001905,850+ C,875,Natural Gas (Weighted U.S. Average)Fuel Gas,1164.961779,1441.6113891999998,0.074184928,400447.9284691976,45.71323384351571,NG_TypeFuelGas_Type
HARRIS,48201,1002003,325199,325199,2015,TX,Other Basic Organic Chemicals,Other Basic Organic Chemicals_1002003,100-300 C,260,Natural Gas (Weighted U.S. Average),71.66866052,71.66866052,0.003608023,19907.97718192456,2.2726001349228953,NG_Type
HARRIS,48201,1002003,325199,325199,2015,TX,Other Basic Organic Chemicals,Other Basic Organic Chemicals_1002003,850+ C,900,Natural Gas (Weighted U.S. Average),24.16733901,24.16733901,0.001216659,6713.15509551978,0.7663419058812534,NG_Type
HARRIS,48201,1002076,325110,325110,2015,TX,Petrochemicals,Petrochemicals_1002076,100-300 C,220,Natural Gas (Weighted U.S. Average),485.25813496,485.25813496,0.024429403000000002,134794.0342129189,15.387446827958778,NG_Type
HARRIS,48201,1002076,325110,325110,2015,TX,Petrochemicals,Petrochemicals_1002076,850+ C,875,Natural Gas (Weighted U.S. Average),5093.693497823,5093.693497823,0.256432374,1414915.9924382775,161.52009046099056,NG_Type
HARRIS,48201,1002613,325110,325110,2015,TX,Petrochemicals,Petrochemicals_1002613,100-300 C,220,Natural Gas (Weighted U.S. Average),352.695530635,352.695530635,0.01775578,97971.05910872904,11.18391085716085,NG_Type
HARRIS,48201,1002613,325110,325110,2015,TX,Petrochemicals,Petrochemicals_1002613,850+ C,875,Natural Gas (Weighted U.S. Average),758.032185146,758.032185146,0.038161659,210564.6643254856,24.037062137612512,NG_Type
HARRIS,48201,1002758,325110,325110,2015,TX,Petrochemicals,Petrochemicals_1002758,100-300 C,220,Natural Gas (Weighted U.S. Average)Fuel Gas,339.84637,1307.7316264,0.071467062,363259.07571813924,41.467931018052425,NG_TypeFuelGas_Type
HARRIS,48201,1002758,325110,325110,2015,TX,Petrochemicals,Petrochemicals_1002758,850+ C,875,Natural Gas (Weighted U.S. Average)Fuel Gas,730.4160788,18316.839150000003,1.0244558719999999,5088014.9454087,580.8236239051027,NG_TypeFuelGas_Type
HARRIS,48201,1002859,325110,325110,2015,TX,Petrochemicals,Petrochemicals_1002859,100-300 C,220,Natural Gas (Weighted U.S. Average),26.680955933,26.680955933,0.001343203,7411.382577156874,0.8460482394014697,NG_Type
HARRIS,48201,1002859,325110,325110,2015,TX,Petrochemicals,Petrochemicals_1002859,850+ C,875,Natural Gas (Weighted U.S. Average)Fuel Gas,178.307270749,33539.522634032,1.8826011109999998,9316541.518236142,1063.5321367849474,NG_TypeFuelGas_Type
HARRIS,48201,1003944,325211,325211,2015,TX,Plastics Materials and Resins,Plastics Materials and Resins_1003944,100-300 C,260,Natural Gas (Weighted U.S. Average),494.1251561,494.1251561,0.024875797,137257.09761114581,15.668618448760938,NG_Type
HARRIS,48201,1003944,325211,325211,2015,TX,Plastics Materials and Resins,Plastics Materials and Resins_1003944,100-300 C,291,Natural Gas (Weighted U.S. Average),105.5163094,105.5163094,0.005312019,29310.1093925132,3.3459028986887214,NG_Type
HARRIS,48201,1004130,324110,324110,2015,TX,Petroleum Refineries,Petroleum Refineries_1004130,100-300 C,220,Fuel Gas,0.0,17116.573776,0.96129689,4754607.630349728,542.7634281221151,FuelGas_Type
HARRIS,48201,1004130,324110,324110,2015,TX,Petroleum Refineries,Petroleum Refineries_1004130,550-850 C,600,Fuel GasNatural Gas (Weighted U.S. Average),1186.89885974,2211.5954817399997,0.117300946,614332.5697267738,70.12928878159518,FuelGas_TypeNG_Type
HARRIS,48201,1004227,325211,325211,2015,TX,Plastics Materials and Resins,Plastics Materials and Resins_1004227,100-300 C,260,Natural Gas (Weighted U.S. Average),68.85589824,68.85589824,0.00346642,19126.653701310723,2.1834079567706306,NG_Type
HARRIS,48201,1004227,325211,325211,2015,TX,Plastics Materials and Resins,Plastics Materials and Resins_1004227,100-300 C,291,Natural Gas (Weighted U.S. Average),14.70360327,14.70360327,0.000740225,4084.3375091340604,0.46624857410206166,NG_Type
HARRIS,48201,1004732,325199,325199,2015,TX,Other Basic Organic Chemicals,Other Basic Organic Chemicals_1004732,100-300 C,260,Natural Gas (Weighted U.S. Average),1030.4354713,1030.4354713,0.051875327,286232.30434677145,32.674920587530984,NG_Type
HARRIS,48201,1004732,325199,325199,2015,TX,Other Basic Organic Chemicals,Other Basic Organic Chemicals_1004732,850+ C,900,Natural Gas (Weighted U.S. Average),347.4724264,347.4724264,0.017492843,96520.19566053922,11.01828717586064,NG_Type
HARRIS,48201,1005198,325110,325110,2015,TX,Petrochemicals,Petrochemicals_1005198,100-300 C,220,Natural Gas (Weighted U.S. Average),3401.686814,3401.686814,0.171251495,944913.7598192922,107.86686755927994,NG_Type
HARRIS,48201,1005198,325110,325110,2015,TX,Petrochemicals,Petrochemicals_1005198,850+ C,875,Natural Gas (Weighted U.S. Average),7311.088078,7311.088078,0.368062914,2030859.424130684,231.83326759482694,NG_Type
HARRIS,48201,1005675,325110,325110,2015,TX,Petrochemicals,Petrochemicals_1005675,100-300 C,220,Natural Gas (Weighted U.S. Average),286.99935288,286.99935288,0.01444844,79722.10624430065,9.100697059851672,NG_Type
HARRIS,48201,1005675,325110,325110,2015,TX,Petrochemicals,Petrochemicals_1005675,850+ C,875,Natural Gas (Weighted U.S. Average),616.83443,616.83443,0.031053364,171343.03429654002,19.55970711147717,NG_Type
HARRIS,48201,1005903,324110,324110,2015,TX,Petroleum Refineries,Petroleum Refineries_1005903,100-300 C,220,Natural Gas (Weighted U.S. Average)Fuel Gas,0.755559744,4363.752262783999,0.24507156900000002,1212154.376051614,138.37378722050389,NG_TypeFuelGas_Type
HARRIS,48201,1005903,324110,324110,2015,TX,Petroleum Refineries,Petroleum Refineries_1005903,550-850 C,600,Natural Gas (Weighted U.S. Average)Fuel Gas,52.18333019,4422.178636577,0.24805369300000005,1228383.937311086,140.22647686199613,NG_TypeFuelGas_Type
HARRIS,48201,1005947,325199,325199,2015,TX,Other Basic Organic Chemicals,Other Basic Organic Chemicals_1005947,100-300 C,260,Natural Gas (Weighted U.S. Average),638.8987628,638.8987628,0.032164151,177472.0205330584,20.25936307455005,NG_Type
HARRIS,48201,1005947,325199,325199,2015,TX,Other Basic Organic Chemicals,Other Basic Organic Chemicals_1005947,850+ C,900,Natural Gas (Weighted U.S. Average),215.4426061,215.4426061,0.010846051,59845.216237245804,6.831645689183311,NG_Type
HARRIS,48201,1006062,324110,324110,2015,TX,Petroleum Refineries,Petroleum Refineries_1006062,100-300 C,220,Natural Gas (Weighted U.S. Average)Fuel Gas,3.690081766,4880.152280765999,0.274056508,1355598.9402466181,154.74873747107512,NG_TypeFuelGas_Type
HARRIS,48201,1006062,324110,324110,2015,TX,Petroleum Refineries,Petroleum Refineries_1006062,550-850 C,600,Natural Gas (Weighted U.S. Average)Fuel Gas,291.797818142,3557.584581641,0.198102342,988218.7299190738,112.8103572966979,NG_TypeFuelGas_Type
HARRIS,48201,1006264,325211,325211,2015,TX,Plastics Materials and Resins,Plastics Materials and Resins_1006264,100-300 C,260,Natural Gas (Weighted U.S. Average)Fuel Gas,2502.06540906,2693.35164906,0.136704726,748153.8343725887,85.40568885531836,NG_TypeFuelGas_Type
HARRIS,48201,1006264,325211,325211,2015,TX,Plastics Materials and Resins,Plastics Materials and Resins_1006264,100-300 C,291,Natural Gas (Weighted U.S. Average)Fuel Gas,75.92261708999999,75.92261708999999,0.003822181,21089.632730026024,2.4074923207792263,NG_TypeFuelGas_Type
HARRIS,48201,1006274,325211,325211,2015,TX,Plastics Materials and Resins,Plastics Materials and Resins_1006274,100-300 C,260,Natural Gas (Weighted U.S. Average),517.771603,517.771603,0.026066233,143825.560338134,16.4184429609742,NG_Type
HARRIS,48201,1006274,325211,325211,2015,TX,Plastics Materials and Resins,Plastics Materials and Resins_1006274,100-300 C,291,Natural Gas (Weighted U.S. Average),110.5658111,110.5658111,0.005566227,30712.749875735804,3.5060216753123066,NG_Type
HARRIS,48201,1006656,325199,325199,2015,TX,Other Basic Organic Chemicals,Other Basic Organic Chemicals_1006656,100-300 C,260,Natural Gas (Weighted U.S. Average),92.95212203,92.95212203,0.004679499,25820.05455324934,2.947494812014765,NG_Type
HARRIS,48201,1006656,325199,325199,2015,TX,Other Basic Organic Chemicals,Other Basic Organic Chemicals_1006656,850+ C,900,Natural Gas (Weighted U.S. Average),31.34432022,31.34432022,0.001577971,8706.76258207116,0.9939226691862055,NG_Type
HARRIS,48201,1006797,325110,325110,2015,TX,Petrochemicals,Petrochemicals_1006797,100-300 C,220,Natural Gas (Weighted U.S. Average),309.89736573100004,309.89736573100004,0.015601192,86082.67045802572,9.826788865071428,NG_Type
HARRIS,48201,1006797,325110,325110,2015,TX,Petrochemicals,Petrochemicals_1006797,850+ C,875,Natural Gas (Weighted U.S. Average),666.048069578,666.048069578,0.033530931,185013.5006712377,21.120262633702932,NG_Type
HARRIS,48201,1006867,325199,325199,2015,TX,Other Basic Organic Chemicals,Other Basic Organic Chemicals_1006867,100-300 C,260,Natural Gas (Weighted U.S. Average),4427.6019059,4427.6019059,0.222899252,1229890.4022170901,140.39844774167696,NG_Type
HARRIS,48201,1006867,325199,325199,2015,TX,Other Basic Organic Chemicals,Other Basic Organic Chemicals_1006867,850+ C,900,Natural Gas (Weighted U.S. Average),2759.4122944700002,2759.4122944700002,0.138917381,766504.0283332877,87.50045985539815,NG_Type
HARRIS,48201,1007002,324110,324110,2015,TX,Petroleum Refineries,Petroleum Refineries_1007002,100-300 C,220,Natural Gas (Weighted U.S. Average)Fuel Gas,16450.639965099,19486.040117999,0.998649783,5412793.251897527,617.8987730476629,NG_TypeFuelGas_Type
HARRIS,48201,1007002,324110,324110,2015,TX,Petroleum Refineries,Petroleum Refineries_1007002,550-850 C,600,Natural Gas (Weighted U.S. Average)Fuel Gas,3201.3461644950003,41694.743958244995,2.323022651,11581882.58723338,1322.1327154376006,NG_TypeFuelGas_Type
HARRIS,48201,1007542,324110,324110,2015,TX,Petroleum Refineries,Petroleum Refineries_1007542,100-300 C,220,Natural Gas (Weighted U.S. Average)Fuel Gas,14197.584775595,107837.12127829499,5.9737116619999995,29954779.87444223,3419.495419456875,NG_TypeFuelGas_Type
HARRIS,48201,1007542,324110,324110,2015,TX,Petroleum Refineries,Petroleum Refineries_1007542,550-850 C,600,Natural Gas (Weighted U.S. Average)Fuel Gas,23579.904783525002,29417.22882055,1.51492015,8171458.987314738,932.8149528898103,NG_TypeFuelGas_Type
HARRIS,48201,1007562,325110,325110,2015,TX,Petrochemicals,Petrochemicals_1007562,100-300 C,220,Natural Gas (Weighted U.S. Average),656.2719028200002,656.2719028200002,0.033038769,182297.89662153402,20.810262171407988,NG_Type
HARRIS,48201,1007562,325110,325110,2015,TX,Petrochemicals,Petrochemicals_1007562,850+ C,875,Natural Gas (Weighted U.S. Average)Fuel Gas,3017.2840933810003,6439.679059581,0.344107187,1788801.1698122914,204.20104678222503,NG_TypeFuelGas_Type
HARRIS,48201,1007574,325211,325211,2015,TX,Plastics Materials and Resins,Plastics Materials and Resins_1007574,100-300 C,260,Natural Gas (Weighted U.S. Average),218.01914218,218.01914218,0.010975762,60560.921276476045,6.913347177679913,NG_Type
HARRIS,48201,1007574,325211,325211,2015,TX,Plastics Materials and Resins,Plastics Materials and Resins_1007574,100-300 C,291,Natural Gas (Weighted U.S. Average),46.55617099,46.55617099,0.002343783,12932.28006526022,1.4762876786826737,NG_Type
HARRIS,48201,1009064,325199,325199,2015,TX,Other Basic Organic Chemicals,Other Basic Organic Chemicals_1009064,100-300 C,260,Natural Gas (Weighted U.S. Average)Fuel Gas,342.7990337,577.25843858,0.030425223,160349.69455187523,18.304759652040552,NG_TypeFuelGas_Type
HARRIS,48201,1009064,325199,325199,2015,TX,Other Basic Organic Chemicals,Other Basic Organic Chemicals_1009064,850+ C,900,Natural Gas (Weighted U.S. Average)Fuel Gas,115.595023,158.18001295,0.008211060999999999,43938.927637225104,5.015859319317935,NG_TypeFuelGas_Type
HARRIS COUNTY,48201,1000619,325199,325199,2015,TX,Other Basic Organic Chemicals,Other Basic Organic Chemicals_1000619,100-300 C,260,Natural Gas (Weighted U.S. Average),418.35579709999996,418.35579709999996,0.021061332000000002,116210.03660684379,13.265985914023265,NG_Type
HARRIS COUNTY,48201,1000619,325199,325199,2015,TX,Other Basic Organic Chemicals,Other Basic Organic Chemicals_1000619,850+ C,900,Natural Gas (Weighted U.S. Average),141.0734665,141.0734665,0.007102077,39187.105377437,4.4734138558718035,NG_Type
HARRIS COUNTY,48201,1000620,325199,325199,2015,TX,Other Basic Organic Chemicals,Other Basic Organic Chemicals_1000620,100-300 C,260,Natural Gas (Weighted U.S. Average),1480.1987259,1480.1987259,0.074517808,411166.6416830502,46.93683124235733,NG_Type
HARRIS COUNTY,48201,1000620,325199,325199,2015,TX,Other Basic Organic Chemicals,Other Basic Organic Chemicals_1000620,850+ C,900,Natural Gas (Weighted U.S. Average),499.1367796,499.1367796,0.025128098,138649.2163637288,15.827536114580914,NG_Type
HARRIS COUNTY,48201,1001710,325211,325211,2015,TX,Plastics Materials and Resins,Plastics Materials and Resins_1001710,100-300 C,260,Natural Gas (Weighted U.S. Average),1549.568355,1549.568355,0.078010091,430435.99851519003,49.136529510866445,NG_Type
HARRIS COUNTY,48201,1001710,325211,325211,2015,TX,Plastics Materials and Resins,Plastics Materials and Resins_1001710,100-300 C,291,Natural Gas (Weighted U.S. Average),330.8974092,330.8974092,0.016658405,91916.02053275761,10.492696407849042,NG_Type
HARRIS COUNTY,48201,1001712,325211,325211,2015,TX,Plastics Materials and Resins,Plastics Materials and Resins_1001712,100-300 C,260,Natural Gas (Weighted U.S. Average),0.517741661,0.517741661,2.61e-05,143.817243109258,0.01641749350562306,NG_Type
HARRIS COUNTY,48201,1001712,325211,325211,2015,TX,Plastics Materials and Resins,Plastics Materials and Resins_1001712,100-300 C,291,Natural Gas (Weighted U.S. Average),0.110559417,0.110559417,5.57e-06,30.710973735426002,0.003505818919569178,NG_Type
HARRIS COUNTY,48201,1001713,325181,325181,2015,TX,Alkalies and Chlorine,Alkalies and Chlorine_1001713,100-300 C,177,Natural Gas (Weighted U.S. Average),23161.9516245,23161.9516245,1.166044688,6433880.598350361,734.4612555194477,NG_Type
HARRIS COUNTY,48201,1002303,322121,322121,2015,TX,"Paper Mills, except Newsprint","Paper Mills, except Newsprint_1002303",100-300 C,150,Natural Gas (Weighted U.S. Average),201.46282366000003,201.46282366000003,0.010142265000000001,55961.940230627486,6.388349341395832,NG_Type
HARRIS COUNTY,48201,1002303,322121,322121,2015,TX,"Paper Mills, except Newsprint","Paper Mills, except Newsprint_1002303",100-300 C,200,Natural Gas (Weighted U.S. Average),41.60361998,41.60361998,0.002094456,11556.57035080444,1.3192431907311006,NG_Type
HARRIS COUNTY,48201,1002303,322121,322121,2015,TX,"Paper Mills, except Newsprint","Paper Mills, except Newsprint_1002303",100-300 C,275,Natural Gas (Weighted U.S. Average),17.76910258,17.76910258,0.000894552,4935.86577646724,0.5634549973136118,NG_Type
HARRIS COUNTY,48201,1002303,322121,322121,2015,TX,"Paper Mills, except Newsprint","Paper Mills, except Newsprint_1002303",300-550 C,505,Natural Gas (Weighted U.S. Average),192.7264203,192.7264203,0.009702447,53535.15957809341,6.111319586540343,NG_Type
HARRIS COUNTY,48201,1002303,322121,322121,2015,TX,"Paper Mills, except Newsprint","Paper Mills, except Newsprint_1002303",550-850 C,800,Natural Gas (Weighted U.S. Average),235.5033287,235.5033287,0.01185597,65417.6436396286,7.467767538770389,NG_Type
HARRIS COUNTY,48201,1003402,325199,325199,2015,TX,Other Basic Organic Chemicals,Other Basic Organic Chemicals_1003402,100-300 C,260,Natural Gas (Weighted U.S. Average),938.4088942,938.4088942,0.047242422,260669.3458130876,29.756774636197214,NG_Type
HARRIS COUNTY,48201,1003402,325199,325199,2015,TX,Other Basic Organic Chemicals,Other Basic Organic Chemicals_1003402,850+ C,900,Natural Gas (Weighted U.S. Average),316.4402085,316.4402085,0.015930584,87900.128236713,10.034261214236645,NG_Type
HARRIS COUNTY,48201,1003991,325110,325110,2015,TX,Petrochemicals,Petrochemicals_1003991,100-300 C,220,Natural Gas (Weighted U.S. Average)Fuel Gas,12.005399323999999,13030.141347224,0.731725803,3619486.603149188,413.1834021859804,NG_TypeFuelGas_Type
HARRIS COUNTY,48201,1003991,325110,325110,2015,TX,Petrochemicals,Petrochemicals_1003991,850+ C,875,Natural Gas (Weighted U.S. Average)Fuel Gas,1079.7369123899998,4131.368774889999,0.22574232700000002,1147603.3555513944,131.00494926385778,NG_TypeFuelGas_Type
HARRIS COUNTY,48201,1004018,325199,325199,2015,TX,Other Basic Organic Chemicals,Other Basic Organic Chemicals_1004018,100-300 C,260,Natural Gas (Weighted U.S. Average),796.0337599,796.0337599,0.040074816,221120.66575750223,25.242085132134957,NG_Type
HARRIS COUNTY,48201,1004018,325199,325199,2015,TX,Other Basic Organic Chemicals,Other Basic Organic Chemicals_1004018,850+ C,900,Natural Gas (Weighted U.S. Average),268.4299888,268.4299888,0.013513601,74563.9454288864,8.511865916539545,NG_Type
HARRIS COUNTY,48201,1005467,325199,325199,2015,TX,Other Basic Organic Chemicals,Other Basic Organic Chemicals_1005467,100-300 C,260,Natural Gas (Weighted U.S. Average),499.39254630000005,499.39254630000005,0.025140974,138720.2627261214,15.835646429922535,NG_Type
HARRIS COUNTY,48201,1005467,325199,325199,2015,TX,Other Basic Organic Chemicals,Other Basic Organic Chemicals_1005467,850+ C,900,Natural Gas (Weighted U.S. Average),168.3998121,168.3998121,0.00847777,46777.7630055138,5.339927283734452,NG_Type
HARRIS COUNTY,48201,1006275,325110,325110,2015,TX,Petrochemicals,Petrochemicals_1006275,100-300 C,220,Natural Gas (Weighted U.S. Average)Fuel Gas,6513.5606121,7263.2626603,0.370017487,2017574.5752528138,230.31673233479606,NG_TypeFuelGas_Type
HARRIS COUNTY,48201,1006275,325110,325110,2015,TX,Petrochemicals,Petrochemicals_1006275,850+ C,875,Natural Gas (Weighted U.S. Average)Fuel Gas,664.1438318,3987.9327298,0.22010489700000002,1107759.9778183845,126.4566184724183,NG_TypeFuelGas_Type
HARRIS COUNTY,48201,1011719,324110,324110,2015,TX,Petroleum Refineries,Petroleum Refineries_1011719,550-850 C,600,Natural Gas (Weighted U.S. Average),1489.9439314,1489.9439314,0.075008412,413873.6453764292,47.24584992881612,NG_Type
HOCKLEY,48219,1010607,325193,325193,2015,TX,Ethyl Alcohol,Ethyl Alcohol_1010607,100-300 C,233,Natural Gas (Weighted U.S. Average),341.956071,341.956071,0.017215132,94987.87349023801,10.843364553680138,NG_Type
HOCKLEY,48219,1010607,325193,325193,2015,TX,Ethyl Alcohol,Ethyl Alcohol_1010607,300-550 C,450,Natural Gas (Weighted U.S. Average),753.2275619,753.2275619,0.037919818,209230.0456894582,23.884708412038606,NG_Type
HOWARD,48227,1006961,324110,324110,2015,TX,Petroleum Refineries,Petroleum Refineries_1006961,100-300 C,220,Natural Gas (Weighted U.S. Average)Fuel Gas,88.07660648000001,10179.17778518,0.5711680419999999,2827551.6468117307,322.77986835750346,NG_TypeFuelGas_Type
HOWARD,48227,1006961,324110,324110,2015,TX,Petroleum Refineries,Petroleum Refineries_1006961,550-850 C,600,Natural Gas (Weighted U.S. Average)Fuel Gas,146.2810772,750.3924739,0.041292203,208442.52061499422,23.7948082893829,NG_TypeFuelGas_Type
HUTCHINSON COUNTY,48233,1002380,325311,325311,2015,TX,Nitrogenous Fertilizers,Nitrogenous Fertilizers_1002380,100-300 C,260,Natural Gas (Weighted U.S. Average),2328.27703852,2328.27703852,0.117212705,646744.1392060085,73.82923963538911,NG_Type
HUTCHINSON COUNTY,48233,1002380,325311,325311,2015,TX,Nitrogenous Fertilizers,Nitrogenous Fertilizers_1002380,850+ C,850,Natural Gas (Weighted U.S. Average),4609.038218541999,4609.038218541999,0.23203333,1280289.4182701597,146.15176007650226,NG_Type
HUTCHINSON COUNTY,48233,1011974,325211,325211,2015,TX,Plastics Materials and Resins,Plastics Materials and Resins_1011974,100-300 C,260,Natural Gas (Weighted U.S. Average),409.824338,409.824338,0.020631832,113840.184960964,12.995454904219635,NG_Type
HUTCHINSON COUNTY,48233,1011974,325211,325211,2015,TX,Plastics Materials and Resins,Plastics Materials and Resins_1011974,100-300 C,291,Natural Gas (Weighted U.S. Average),87.51457217,87.51457217,0.004405756,24309.62282823826,2.7750710991139567,NG_Type
Harrison,48203,1007438,325199,325199,2015,TX,Other Basic Organic Chemicals,Other Basic Organic Chemicals_1007438,100-300 C,260,Natural Gas (Weighted U.S. Average)Fuel Gas,26095.78119196,33225.00222006,1.7141323859999997,9229174.666683828,1053.5587519045464,NG_TypeFuelGas_Type
Harrison,48203,1007438,325199,325199,2015,TX,Other Basic Organic Chemicals,Other Basic Organic Chemicals_1007438,850+ C,900,Natural Gas (Weighted U.S. Average)Fuel Gas,1307.2335683499998,8222.56243396,0.454187239,2284046.947780541,260.73595294298417,NG_TypeFuelGas_Type
Hutchinson,48233,1006301,324110,324110,2015,TX,Petroleum Refineries,Petroleum Refineries_1006301,100-300 C,220,Natural Gas (Weighted U.S. Average)Fuel Gas,2543.506581532,9155.116980632,0.49936769100000006,2543090.084645996,290.30708728835566,NG_TypeFuelGas_Type
Hutchinson,48233,1006301,324110,324110,2015,TX,Petroleum Refineries,Petroleum Refineries_1006301,550-850 C,600,Natural Gas (Weighted U.S. Average)Fuel Gas,4287.104573158,12970.880972638,0.703522308,3603025.3748174384,411.30426653167115,NG_TypeFuelGas_Type
Hutchinson,48233,1007425,325199,325199,2015,TX,Other Basic Organic Chemicals,Other Basic Organic Chemicals_1007425,100-300 C,260,Natural Gas (Weighted U.S. Average),89.80906925000001,89.80906925000001,0.004521268,24946.983638126505,2.8478291824345323,NG_Type
Hutchinson,48233,1007425,325199,325199,2015,TX,Other Basic Organic Chemicals,Other Basic Organic Chemicals_1007425,850+ C,900,Natural Gas (Weighted U.S. Average),30.28445358,30.28445358,0.001524614,8412.354946545242,0.9603144916147536,NG_Type
JASPER COUNTY,48241,1002305,322130,322130,2015,TX,Paperboard Mills,Paperboard Mills_1002305,100-300 C,150,Natural Gas (Weighted U.S. Average),663.1934286359999,663.1934286359999,0.033387215,184220.54421965082,21.02974249082772,NG_Type
JASPER COUNTY,48241,1002305,322130,322130,2015,TX,Paperboard Mills,Paperboard Mills_1002305,100-300 C,200,Natural Gas (Weighted U.S. Average),176.599979594,176.599979594,0.00889059,49055.58913166213,5.5999530972217055,NG_Type
JASPER COUNTY,48241,1002305,322130,322130,2015,TX,Paperboard Mills,Paperboard Mills_1002305,100-300 C,275,Natural Gas (Weighted U.S. Average),75.426685328,75.426685328,0.0037972155,20951.873797041186,2.39176641518735,NG_Type
JASPER COUNTY,48241,1002305,322130,322130,2015,TX,Paperboard Mills,Paperboard Mills_1002305,300-550 C,505,Natural Gas (Weighted U.S. Average),818.0894331409999,818.0894331409999,0.041185207,227247.24655904068,25.941466502173594,NG_Type
JASPER COUNTY,48241,1002305,322130,322130,2015,TX,Paperboard Mills,Paperboard Mills_1002305,550-850 C,800,Natural Gas (Weighted U.S. Average),613.8804573570001,613.8804573570001,0.030904677000000002,170522.48568371273,19.46603717850602,NG_Type
JEFFERSON,48245,1002146,325110,325110,2015,TX,Petrochemicals,Petrochemicals_1002146,100-300 C,220,Natural Gas (Weighted U.S. Average)Fuel Gas,12.043989994,10569.203696894001,0.5935149900000001,2935892.2645158223,335.14751878034497,NG_TypeFuelGas_Type
JEFFERSON,48245,1002146,325110,325110,2015,TX,Petrochemicals,Petrochemicals_1002146,850+ C,875,Natural Gas (Weighted U.S. Average)Fuel Gas,25.88559044,2379.18434844,0.133468559,660885.0699409664,75.44350113481353,NG_TypeFuelGas_Type
JEFFERSON,48245,1002657,324110,324110,2015,TX,Petroleum Refineries,Petroleum Refineries_1002657,100-300 C,220,Natural Gas (Weighted U.S. Average)Fuel Gas,553.4303396,5932.988707,0.329986865,1648053.737053046,188.13398824806464,NG_TypeFuelGas_Type
JEFFERSON,48245,1002657,324110,324110,2015,TX,Petroleum Refineries,Petroleum Refineries_1002657,550-850 C,600,Natural Gas (Weighted U.S. Average)Fuel Gas,919.1587807,13439.881645,0.749459131,3733303.44358481,426.1761921900468,NG_TypeFuelGas_Type
JEFFERSON,48245,1002884,325199,325199,2015,TX,Other Basic Organic Chemicals,Other Basic Organic Chemicals_1002884,100-300 C,260,Natural Gas (Weighted U.S. Average),0.325704953,0.325704953,1.64e-05,90.47367043443401,0.010328044570140868,NG_Type
JEFFERSON,48245,1002884,325199,325199,2015,TX,Other Basic Organic Chemicals,Other Basic Organic Chemicals_1002884,850+ C,900,Natural Gas (Weighted U.S. Average),3.957220487,3.957220487,0.00019922,1099.228792437886,0.1254827388627724,NG_Type
JEFFERSON,48245,1004714,325211,325211,2015,TX,Plastics Materials and Resins,Plastics Materials and Resins_1004714,100-300 C,260,Natural Gas (Weighted U.S. Average),1884.6769576,1884.6769576,0.094880501,523521.7959282128,59.76276209226174,NG_Type
JEFFERSON,48245,1004714,325211,325211,2015,TX,Plastics Materials and Resins,Plastics Materials and Resins_1004714,100-300 C,291,Natural Gas (Weighted U.S. Average),402.45705876,402.45705876,0.020260939999999998,111793.71686823528,12.761839825141013,NG_Type
JEFFERSON,48245,1005523,325199,325199,2015,TX,Other Basic Organic Chemicals,Other Basic Organic Chemicals_1005523,100-300 C,260,Natural Gas (Weighted U.S. Average),435.59508880000004,435.59508880000004,0.021929211,120998.73257668642,13.81264070510119,NG_Type
JEFFERSON,48245,1005523,325199,325199,2015,TX,Other Basic Organic Chemicals,Other Basic Organic Chemicals_1005523,850+ C,900,Natural Gas (Weighted U.S. Average),146.886716,146.886716,0.007394734,40801.898197048,4.657750935736074,NG_Type
JEFFERSON,48245,1005743,324110,324110,2015,TX,Petroleum Refineries,Petroleum Refineries_1005743,100-300 C,220,Natural Gas (Weighted U.S. Average)Fuel Gas,15.978191741,2000.7663572310003,0.112273587,555768.8771789127,63.44393575101744,NG_TypeFuelGas_Type
JEFFERSON,48245,1005743,324110,324110,2015,TX,Petroleum Refineries,Petroleum Refineries_1005743,550-850 C,600,Natural Gas (Weighted U.S. Average)Fuel Gas,6304.749551417,21908.590385427,1.1937398019999998,6085724.420083141,694.71739955287,NG_TypeFuelGas_Type
JEFFERSON,48245,1006416,325211,325211,2015,TX,Plastics Materials and Resins,Plastics Materials and Resins_1006416,100-300 C,260,Natural Gas (Weighted U.S. Average),299.7462229,299.7462229,0.015090157,83262.9063047162,9.504897979990435,NG_Type
JEFFERSON,48245,1006416,325211,325211,2015,TX,Plastics Materials and Resins,Plastics Materials and Resins_1006416,100-300 C,291,Natural Gas (Weighted U.S. Average),64.00830802,64.00830802,0.003222377,17780.099785179562,2.029691756299037,NG_Type
JEFFERSON,48245,1006543,325110,325110,2015,TX,Petrochemicals,Petrochemicals_1006543,100-300 C,220,Natural Gas (Weighted U.S. Average)Fuel Gas,9.592689393,12131.852548231,0.6812903520000001,3369961.7371425107,384.69882844092587,NG_TypeFuelGas_Type
JEFFERSON,48245,1006543,325110,325110,2015,TX,Petrochemicals,Petrochemicals_1006543,850+ C,875,Natural Gas (Weighted U.S. Average)Fuel Gas,501.68996556,16581.20945742,0.928310724,4605895.200663213,525.7871233633805,NG_TypeFuelGas_Type
JEFFERSON,48245,1006891,325199,325199,2015,TX,Other Basic Organic Chemicals,Other Basic Organic Chemicals_1006891,100-300 C,260,Natural Gas (Weighted U.S. Average)Fuel Gas,50.03913748,10564.29564158,0.593018264,2934528.914726809,334.9918852427864,NG_TypeFuelGas_Type
JEFFERSON,48245,1006891,325199,325199,2015,TX,Other Basic Organic Chemicals,Other Basic Organic Chemicals_1006891,850+ C,900,Natural Gas (Weighted U.S. Average)Fuel Gas,16.87366264,1926.58382251,0.10810215499999999,535162.6010491828,61.09162112433593,NG_TypeFuelGas_Type
JEFFERSON,48245,1007458,324110,324110,2015,TX,Petroleum Refineries,Petroleum Refineries_1007458,100-300 C,220,Natural Gas (Weighted U.S. Average)Fuel Gas,7576.134411570001,21324.6208974,1.153545354,5923510.543637978,676.1998337486276,NG_TypeFuelGas_Type
JEFFERSON,48245,1007458,324110,324110,2015,TX,Petroleum Refineries,Petroleum Refineries_1007458,550-850 C,600,Natural Gas (Weighted U.S. Average)Fuel Gas,12582.740719100002,56548.68993820599,3.1026593670000002,15707981.993654989,1793.1486294126694,NG_TypeFuelGas_Type
JEFFERSON COUNTY,48245,1006644,325199,325199,2015,TX,Other Basic Organic Chemicals,Other Basic Organic Chemicals_1006644,100-300 C,260,Natural Gas (Weighted U.S. Average),745.7354156,745.7354156,0.03754264,207148.89227453683,23.647133821294155,NG_Type
JEFFERSON COUNTY,48245,1006644,325199,325199,2015,TX,Other Basic Organic Chemicals,Other Basic Organic Chemicals_1006644,850+ C,900,Natural Gas (Weighted U.S. Average),251.4689192,251.4689192,0.012659728,69852.5334375376,7.974033497435799,NG_Type
JEFFERSON COUNTY,48245,1007909,325110,325110,2015,TX,Petrochemicals,Petrochemicals_1007909,100-300 C,220,Natural Gas (Weighted U.S. Average)Fuel Gas,9609.91085294,17142.73917674,0.906849693,4761875.803036485,543.5931282005118,NG_TypeFuelGas_Type
JEFFERSON COUNTY,48245,1007909,325110,325110,2015,TX,Petrochemicals,Petrochemicals_1007909,850+ C,875,Natural Gas (Weighted U.S. Average)Fuel Gas,1847.63159492,3526.77598922,0.187319224,979660.7807335532,111.83342245816817,NG_TypeFuelGas_Type
JEFFERSON COUNTY,48245,1010636,325199,325199,2015,TX,Other Basic Organic Chemicals,Other Basic Organic Chemicals_1010636,100-300 C,260,Natural Gas (Weighted U.S. Average),5911.661593,5911.661593,0.297611432,1642129.5339803542,187.45770935848793,NG_Type
JEFFERSON COUNTY,48245,1010636,325199,325199,2015,TX,Other Basic Organic Chemicals,Other Basic Organic Chemicals_1010636,850+ C,900,Natural Gas (Weighted U.S. Average),1993.467281,1993.467281,0.100357343,553741.354381618,63.212483376897026,NG_Type
JOHNSON,48251,1002395,327410,327410,2015,TX,Lime,Lime_1002395,100-300 C,120,Natural Gas (Weighted U.S. Average),0.0,0.0,0.0,0.0,0.0,NG_Type
JOHNSON,48251,1002395,327410,327410,2015,TX,Lime,Lime_1002395,850+ C,1500,Natural Gas (Weighted U.S. Average),392.9169148,392.9169148,0.01978066,109143.6747593144,12.459323602661462,NG_Type
Jefferson,48245,1007959,324110,324110,2015,TX,Petroleum Refineries,Petroleum Refineries_1007959,100-300 C,220,Natural Gas (Weighted U.S. Average)Fuel Gas,43825.781395747996,76374.35964057199,4.0343115570000005,21215116.87223881,2421.8169945478094,NG_TypeFuelGas_Type
Jefferson,48245,1007959,324110,324110,2015,TX,Petroleum Refineries,Petroleum Refineries_1007959,550-850 C,600,Natural Gas (Weighted U.S. Average)Fuel Gas,7635.896240765999,9497.467653823,0.488963893,2638187.5699436455,301.16296460543896,NG_TypeFuelGas_Type
KAUFMAN COUNTY,48257,1003953,322130,322130,2015,TX,Paperboard Mills,Paperboard Mills_1003953,100-300 C,150,Natural Gas (Weighted U.S. Average),369.4851182,369.4851182,0.018601029999999998,102634.8371633596,11.716305612255663,NG_Type
KAUFMAN COUNTY,48257,1003953,322130,322130,2015,TX,Paperboard Mills,Paperboard Mills_1003953,100-300 C,200,Natural Gas (Weighted U.S. Average),98.3891901,98.3891901,0.004953218,27330.3524475978,3.1199032474426716,NG_Type
KAUFMAN COUNTY,48257,1003953,322130,322130,2015,TX,Paperboard Mills,Paperboard Mills_1003953,100-300 C,275,Natural Gas (Weighted U.S. Average),42.02248776,42.02248776,0.002115543,11672.92260499728,1.3325254115293699,NG_Type
KAUFMAN COUNTY,48257,1003953,322130,322130,2015,TX,Paperboard Mills,Paperboard Mills_1003953,300-550 C,505,Natural Gas (Weighted U.S. Average),455.7823673,455.7823673,0.022945502,126606.3144238594,14.452775619162031,NG_Type
KAUFMAN COUNTY,48257,1003953,322130,322130,2015,TX,Paperboard Mills,Paperboard Mills_1003953,550-850 C,800,Natural Gas (Weighted U.S. Average),342.0113703,342.0113703,0.017217916,95003.23441919341,10.84511808438281,NG_Type
LEON,48289,1005832,331111,331111,2015,TX,Iron and Steel Mills,Iron and Steel Mills_1005832,100-300 C,180,Natural Gas (Weighted U.S. Average),139.63952959,139.63952959,0.007029888,38788.789250451024,4.42794397836199,NG_Type
LEON,48289,1005832,331111,331111,2015,TX,Iron and Steel Mills,Iron and Steel Mills_1005832,850+ C,1100,Natural Gas (Weighted U.S. Average),926.0305646,926.0305646,0.046619259,257230.91817345883,29.364260065463338,NG_Type
LIVE OAK,48297,1008310,324110,324110,2015,TX,Petroleum Refineries,Petroleum Refineries_1008310,100-300 C,220,Natural Gas (Weighted U.S. Average)Fuel Gas,938.751293703,1905.6827547829998,0.101564232,529356.7442581122,60.42885208425938,NG_TypeFuelGas_Type
LIVE OAK,48297,1008310,324110,324110,2015,TX,Petroleum Refineries,Petroleum Refineries_1008310,550-850 C,600,Natural Gas (Weighted U.S. Average)Fuel Gas,1930.48644301,8975.165457656,0.49282825899999994,2493103.5104967686,284.6008573626448,NG_TypeFuelGas_Type
MATAGORDA COUNTY,48321,1006120,325211,325211,2015,TX,Plastics Materials and Resins,Plastics Materials and Resins_1006120,100-300 C,260,Natural Gas (Weighted U.S. Average),465.6793065,465.6793065,0.023443745000000002,129355.466400957,14.766605753533904,NG_Type
MATAGORDA COUNTY,48321,1006120,325211,325211,2015,TX,Plastics Materials and Resins,Plastics Materials and Resins_1006120,100-300 C,291,Natural Gas (Weighted U.S. Average),99.44193523,99.44193523,0.005006216,27622.78188431894,3.153285603232756,NG_Type
MONTGOMERY,48339,1002993,325199,325199,2015,TX,Other Basic Organic Chemicals,Other Basic Organic Chemicals_1002993,100-300 C,260,Natural Gas (Weighted U.S. Average),805.6637696,805.6637696,0.04055962,223795.67059194884,25.547450980816077,NG_Type
MONTGOMERY,48339,1002993,325199,325199,2015,TX,Other Basic Organic Chemicals,Other Basic Organic Chemicals_1002993,850+ C,900,Natural Gas (Weighted U.S. Average),271.6773177,271.6773177,0.013677081,75465.98195607061,8.61483812283911,NG_Type
MOORE,48341,1007936,324110,324110,2015,TX,Petroleum Refineries,Petroleum Refineries_1007936,100-300 C,220,Natural Gas (Weighted U.S. Average)Fuel Gas,55.93571890999999,18558.48351814,1.04195161,5155138.434701893,588.4861226828644,NG_TypeFuelGas_Type
MOORE,48341,1007936,324110,324110,2015,TX,Petroleum Refineries,Petroleum Refineries_1007936,550-850 C,600,Natural Gas (Weighted U.S. Average)Fuel Gas,97.413707781,1205.0827120210001,0.067112749,334745.46557976934,38.21295269175449,NG_TypeFuelGas_Type
NUECES,48355,1002970,324110,324110,2015,TX,Petroleum Refineries,Petroleum Refineries_1002970,100-300 C,220,Fuel Gas,0.0,6106.1877225,0.342934243,1696164.6131806052,193.62609739504626,FuelGas_Type
NUECES,48355,1002970,324110,324110,2015,TX,Petroleum Refineries,Petroleum Refineries_1002970,550-850 C,600,Fuel Gas,0.0,365.5515417,0.020530018,101542.1761503426,11.591572619902122,FuelGas_Type
NUECES,48355,1004389,325110,325110,2015,TX,Petrochemicals,Petrochemicals_1004389,100-300 C,220,Natural Gas (Weighted U.S. Average),190.49888527000002,190.49888527000002,0.009590307,52916.39935253006,6.040684857594756,NG_Type
NUECES,48355,1004389,325110,325110,2015,TX,Petrochemicals,Petrochemicals_1004389,850+ C,875,Natural Gas (Weighted U.S. Average),409.4304399,409.4304399,0.020612002,113730.76873454222,12.982964467413495,NG_Type
NUECES,48355,1004880,325110,325110,2015,TX,Petrochemicals,Petrochemicals_1004880,100-300 C,220,Natural Gas (Weighted U.S. Average)Fuel Gas,3983.660912,13398.546623999999,0.729306424,3721821.4841214726,424.86546622391234,NG_TypeFuelGas_Type
NUECES,48355,1004880,325110,325110,2015,TX,Petrochemicals,Petrochemicals_1004880,850+ C,875,Fuel Gas,0.0,6951.726070729999,0.390421164,1931036.5644752379,220.43796398119153,FuelGas_Type
NUECES,48355,1006959,324110,324110,2015,TX,Petroleum Refineries,Petroleum Refineries_1006959,100-300 C,220,Fuel Gas,0.0,3188.96881261,0.179098098,885825.3788291807,101.12161858780601,FuelGas_Type
NUECES,48355,1006959,324110,324110,2015,TX,Petroleum Refineries,Petroleum Refineries_1006959,550-850 C,600,Fuel GasNatural Gas (Weighted U.S. Average),682.0915001600001,8303.203807211,0.462353677,2306447.3471594574,263.2930761597554,FuelGas_TypeNG_Type
NUECES,48355,1007868,325211,325211,2015,TX,Plastics Materials and Resins,Plastics Materials and Resins_1007868,100-300 C,260,Natural Gas (Weighted U.S. Average)Other Biomass Gases,5582.7567933,5744.9276554,0.289098087,1595814.5142617014,182.17060665087914,NG_TypeNG_Type
NUECES,48355,1007868,325211,325211,2015,TX,Plastics Materials and Resins,Plastics Materials and Resins_1007868,100-300 C,291,Natural Gas (Weighted U.S. Average)Other Biomass Gases,443.19727151999996,443.19727151999996,0.022311929,123110.45168828257,14.053704530625865,NG_TypeNG_Type
NUECES,48355,1007965,324110,324110,2015,TX,Petroleum Refineries,Petroleum Refineries_1007965,100-300 C,220,Fuel Gas,0.0,10042.242160705002,0.5639899829999999,2789513.942916314,318.4376647164742,FuelGas_Type
NUECES,48355,1007965,324110,324110,2015,TX,Petroleum Refineries,Petroleum Refineries_1007965,550-850 C,600,Fuel Gas,0.0,601.186414644,0.03376368800000001,166996.35988698105,19.06351140262341,FuelGas_Type
NUECES,48355,1008110,324110,324110,2015,TX,Petroleum Refineries,Petroleum Refineries_1008110,100-300 C,220,Fuel Gas,0.0,4526.79450066,0.254232742,1257443.9228043335,143.54382680414767,FuelGas_Type
NUECES,48355,1008110,324110,324110,2015,TX,Petroleum Refineries,Petroleum Refineries_1008110,550-850 C,600,Fuel GasNatural Gas (Weighted U.S. Average),110.47675273900002,14243.262988414,0.7992838720000001,3956465.106395665,451.65126785338634,FuelGas_TypeNG_Type
NUECES,48355,1009066,324110,324110,2015,TX,Petroleum Refineries,Petroleum Refineries_1009066,100-300 C,220,Natural Gas (Weighted U.S. Average)Fuel Gas,5476.0597769000005,26820.496409651,1.4744229770000001,7450143.851680037,850.4730424292279,NG_TypeFuelGas_Type
NUECES,48355,1009066,324110,324110,2015,TX,Petroleum Refineries,Petroleum Refineries_1009066,550-850 C,600,Natural Gas (Weighted U.S. Average)Fuel Gas,3592.540226,8244.740671585001,0.44213543200000005,2290207.5742715383,261.4392208072532,NG_TypeFuelGas_Type
NUECES COUNTY,48355,1004213,324110,324110,2015,TX,Petroleum Refineries,Petroleum Refineries_1004213,100-300 C,220,Natural Gas (Weighted U.S. Average),8.827281419,8.827281419,0.00044439200000000005,2452.024578006982,0.2799114815076464,NG_Type
NUECES COUNTY,48355,1004213,324110,324110,2015,TX,Petroleum Refineries,Petroleum Refineries_1004213,550-850 C,600,Natural Gas (Weighted U.S. Average),14.66069466,14.66069466,0.000738065,4072.4184412654804,0.46488794991615073,NG_Type
NUECES COUNTY,48355,1009067,324110,324110,2015,TX,Petroleum Refineries,Petroleum Refineries_1009067,100-300 C,220,Natural Gas (Weighted U.S. Average)Fuel Gas,335.4683625,3479.05093313,0.193437662,966403.8101029851,110.3200696464595,NG_TypeFuelGas_Type
NUECES COUNTY,48355,1009067,324110,324110,2015,TX,Petroleum Refineries,Petroleum Refineries_1009067,550-850 C,600,Natural Gas (Weighted U.S. Average)Fuel Gas,557.1589937,745.3519395229999,0.038618362999999996,207042.37105681992,23.63497386493378,NG_TypeFuelGas_Type
NUECES COUNTY,48355,1011920,324110,324110,2015,TX,Petroleum Refineries,Petroleum Refineries_1011920,100-300 C,220,Fuel Gas,0.0,15.606918983,0.000876507,4335.258741259774,0.4948925503721203,FuelGas_Type
NUECES COUNTY,48355,1011920,324110,324110,2015,TX,Petroleum Refineries,Petroleum Refineries_1011920,550-850 C,600,Fuel Gas,0.0,211.934319997,0.011902631,58870.691540126674,6.720398577640031,FuelGas_Type
ORANGE,48361,1002212,325199,325199,2015,TX,Other Basic Organic Chemicals,Other Basic Organic Chemicals_1002212,100-300 C,260,Natural Gas (Weighted U.S. Average),1182.5817543100002,1182.5817543100002,0.059534843000000004,328495.1945487232,37.49945143250265,NG_Type
ORANGE,48361,1002212,325199,325199,2015,TX,Other Basic Organic Chemicals,Other Basic Organic Chemicals_1002212,850+ C,900,Natural Gas (Weighted U.S. Average),398.77756833999996,398.77756833999996,0.020075702,110771.63537834852,12.645163855975857,NG_Type
ORANGE,48361,1003382,325199,325199,2015,TX,Other Basic Organic Chemicals,Other Basic Organic Chemicals_1003382,100-300 C,260,Natural Gas (Weighted U.S. Average)Fuel Gas,11204.3168526,13467.1172289,0.6911430089999999,3740868.8896093844,427.03982758098,NG_TypeFuelGas_Type
ORANGE,48361,1003382,325199,325199,2015,TX,Other Basic Organic Chemicals,Other Basic Organic Chemicals_1003382,850+ C,900,Natural Gas (Weighted U.S. Average)Fuel Gas,3778.1998691,4189.19353911,0.21328846,1163665.8029068976,132.83856197567326,NG_TypeFuelGas_Type
ORANGE,48361,1007348,331111,331111,2015,TX,Iron and Steel Mills,Iron and Steel Mills_1007348,100-300 C,180,Natural Gas (Weighted U.S. Average),128.08504503,128.08504503,0.006448199999999999,35579.207638343345,4.0615533833725275,NG_Type
ORANGE,48361,1007348,331111,331111,2015,TX,Iron and Steel Mills,Iron and Steel Mills_1007348,850+ C,1100,Natural Gas (Weighted U.S. Average),849.4060881,849.4060881,0.042761744,235946.32434024182,26.934511910986508,NG_Type
ORANGE COUNTY,48361,1005909,322130,322130,2015,TX,Paperboard Mills,Paperboard Mills_1005909,100-300 C,150,Natural Gas (Weighted U.S. Average),633.6512118960001,633.6512118960001,0.031899981,176014.36633804708,20.09296419384099,NG_Type
ORANGE COUNTY,48361,1005909,322130,322130,2015,TX,Paperboard Mills,Paperboard Mills_1005909,100-300 C,200,Natural Gas (Weighted U.S. Average),168.733262813,168.733262813,0.008494556999999998,46870.388277669525,5.3505009449394425,NG_Type
ORANGE COUNTY,48361,1005909,322130,322130,2015,TX,Paperboard Mills,Paperboard Mills_1005909,100-300 C,275,Natural Gas (Weighted U.S. Average),72.06677343599999,72.06677343599999,0.0036280659999999997,20018.564191505207,2.2852242227745676,NG_Type
ORANGE COUNTY,48361,1005909,322130,322130,2015,TX,Paperboard Mills,Paperboard Mills_1005909,300-550 C,505,Natural Gas (Weighted U.S. Average),781.647311908,781.647311908,0.039350579999999996,217124.42700718043,24.785893493970374,NG_Type
ORANGE COUNTY,48361,1005909,322130,322130,2015,TX,Paperboard Mills,Paperboard Mills_1005909,550-850 C,800,Natural Gas (Weighted U.S. Average),586.5349066040001,586.5349066040001,0.029528028999999997,162926.49328664594,18.598914758749537,NG_Type
SAN PATRICIO,48409,1001705,325199,325199,2015,TX,Other Basic Organic Chemicals,Other Basic Organic Chemicals_1001705,100-300 C,260,Natural Gas (Weighted U.S. Average),27611.7729101,27611.7729101,1.3900625300000002,7669943.055421758,875.5642757330775,NG_Type
SAN PATRICIO,48409,1001705,325199,325199,2015,TX,Other Basic Organic Chemicals,Other Basic Organic Chemicals_1001705,850+ C,900,Natural Gas (Weighted U.S. Average),750.2455455,750.2455455,0.037769694,208401.70713789904,23.79014921665514,NG_Type
SMITH,48423,1006444,324110,324110,2015,TX,Petroleum Refineries,Petroleum Refineries_1006444,100-300 C,220,Fuel Gas,0.0,2504.654686,0.140665813,695737.9693677081,79.42214262188449,FuelGas_Type
SMITH,48423,1006444,324110,324110,2015,TX,Petroleum Refineries,Petroleum Refineries_1006444,550-850 C,600,Fuel GasNatural Gas (Weighted U.S. Average),35.397973990000004,185.34101919,0.010203125,51483.65762855982,5.877129866273952,FuelGas_TypeNG_Type
TRAVIS,48453,1007346,327410,327410,2015,TX,Lime,Lime_1007346,850+ C,1500,Natural Gas (Weighted U.S. Average),489.9983886,489.9983886,0.024668043,136110.7723885308,15.537759405083426,NG_Type
VICTORIA,48469,1001781,325199,325199,2015,TX,Other Basic Organic Chemicals,Other Basic Organic Chemicals_1001781,100-300 C,260,Natural Gas (Weighted U.S. Average),11370.086976105998,11370.086976105998,0.572405584,3158360.020048773,360.5433812841065,NG_Type
VICTORIA,48469,1001781,325199,325199,2015,TX,Other Basic Organic Chemicals,Other Basic Organic Chemicals_1001781,850+ C,900,Natural Gas (Weighted U.S. Average),1412.750358534,1412.750358534,0.07112226599999999,392430.9690928575,44.79805583251798,NG_Type
WILSON,48493,1010605,324110,324110,2015,TX,Petroleum Refineries,Petroleum Refineries_1010605,100-300 C,220,Fuel Gas,0.0,107.131208816,0.006016677,29758.69292249085,3.397111064211284,FuelGas_Type
WILSON,48493,1010605,324110,324110,2015,TX,Petroleum Refineries,Petroleum Refineries_1010605,550-850 C,600,Fuel Gas,0.0,436.351024682,0.024506241,121208.71493411661,13.836611293848927,FuelGas_Type
